로컬 PK,글로벌 PK,종목정보,종별,세부종목,경기구분,상태,일시,경기장,시도
1,검도_남자18세이하부_단체전_예선경기2,검도,남자18세이하부,단체전,예선경기2,미종료,2025/10/21 09:45 ~ 10:30,부산한마음스포츠센터,전남 : 세종
2,검도_남자대학부_단체전_예선경기6,검도,남자대학부,단체전,예선경기6,미종료,2025/10/19 11:55 ~ 12:30,부산한마음스포츠센터,전남 : 경북
3,검도_남자일반부_단체전_예선경기7,검도,남자일반부,단체전,예선경기7,미종료,2025/10/20 12:30 ~ 13:05,부산한마음스포츠센터,전남 : 서울
4,검도_여자일반부_단체전_예선경기1,검도,여자일반부,단체전,예선경기1,미종료,2025/10/18 09:00 ~ 09:25,부산한마음스포츠센터,경남 : 전남
5,농구 (3x3경기의 경우 예선리그전이 끝난 후 토너먼트일정이 조회됩니다.)_남자18세이하부_단체전_예선경기5,농구 (3x3경기의 경우 예선리그전이 끝난 후 토너먼트일정이 조회됩니다.),남자18세이하부,단체전,예선경기5,미종료,2025/10/19 12:30,부산외국어대학교 체육관,전남 : 강원
6,농구 (3x3경기의 경우 예선리그전이 끝난 후 토너먼트일정이 조회됩니다.)_남자일반부_단체전_예선경기1,농구 (3x3경기의 경우 예선리그전이 끝난 후 토너먼트일정이 조회됩니다.),남자일반부,단체전,예선경기1,미종료,2025/10/19 18:00,부산대학교 경암체육관,전남 : 충남
7,농구 (3x3경기의 경우 예선리그전이 끝난 후 토너먼트일정이 조회됩니다.)_여자18세이하부_단체전_예선경기3,농구 (3x3경기의 경우 예선리그전이 끝난 후 토너먼트일정이 조회됩니다.),여자18세이하부,단체전,예선경기3,미종료,2025/10/18 11:30,부산대학교 경암체육관,전남 : 광주
8,농구 (3x3경기의 경우 예선리그전이 끝난 후 토너먼트일정이 조회됩니다.)_여자일반부_단체전_예선경기2,농구 (3x3경기의 경우 예선리그전이 끝난 후 토너먼트일정이 조회됩니다.),여자일반부,단체전,예선경기2,미종료,2025/10/19 16:20,부산대학교 경암체육관,경기 : 전남
9,당구_남자일반부_캐롬3쿠션_예선경기1,당구,남자일반부,캐롬3쿠션,예선경기1,종료,2025/10/01 19:00 ~ 21:30,기장체육관,전남<경남
10,당구_남자일반부_잉글리쉬빌리아드_예선경기5,당구,남자일반부,잉글리쉬빌리아드,예선경기5,미종료,2025/10/02 11:30 ~ 14:00,기장체육관,경북>전남
11,당구_남자일반부_스누커_예선경기7,당구,남자일반부,스누커,예선경기7,종료,2025/09/30 11:30 ~ 14:00,기장체육관,경남<전남
12,당구_남자일반부_스누커_준준결승경기4,당구,남자일반부,스누커,준준결승경기4,종료,2025/09/30 19:00 ~ 21:30,기장체육관,강원>전남
13,당구_남자일반부_포켓10볼_예선경기3,당구,남자일반부,포켓10볼,예선경기3,미종료,2025/10/02 11:30 ~ 14:00,기장체육관,전남 : 제주
14,당구_남자일반부_캐롬1쿠션_예선경기6,당구,남자일반부,캐롬1쿠션,예선경기6,종료,2025/09/30 14:00 ~ 16:30,기장체육관,경남>전남
15,당구_여자일반부_포켓10볼_예선경기5,당구,여자일반부,포켓10볼,예선경기5,종료,2025/10/02 09:00 ~ 11:30,기장체육관,경남<전남
16,당구_여자일반부_포켓10볼_준준결승경기2,당구,여자일반부,포켓10볼,준준결승경기2,미종료,2025/10/02 16:30 ~ 19:00,기장체육관,전남 :
17,당구_일반부_포켓9볼 혼성복식전_예선경기1,당구,일반부,포켓9볼 혼성복식전,예선경기1,종료,2025/09/30 09:00 ~ 11:30,기장체육관,전남<인천
18,럭비_18세이하부_단체전_예선경기4,럭비,18세이하부,단체전,예선경기4,미종료,2025/10/14 13:00 ~ 14:10,삼락생태공원축구장,대전 : 전남
19,럭비_일반부_단체전_예선경기3,럭비,일반부,단체전,예선경기3,미종료,2025/10/13 10:45 ~ 12:20,삼락생태공원축구장,전남 : 광주
20,레슬링_남자18세이하부_자유형97kg급_준준결승경기2,레슬링,남자18세이하부,자유형97kg급,준준결승경기2,미종료,2025/10/21 10:00 ~ 17:00,"BEXCO 제2전시장(5D,5E)",: 전남
21,레슬링_남자18세이하부_그레꼬로만형63kg급_예선경기2,레슬링,남자18세이하부,그레꼬로만형63kg급,예선경기2,미종료,2025/10/19 10:00 ~ 17:00,"BEXCO 제2전시장(5D,5E)",전남 : 강원
22,레슬링_남자18세이하부_그레꼬로만형97kg급_준준결승경기3,레슬링,남자18세이하부,그레꼬로만형97kg급,준준결승경기3,미종료,2025/10/18 10:00 ~ 17:00,"BEXCO 제2전시장(5D,5E)",전남 :
23,레슬링_남자18세이하부_자유형53kg급_예선경기1,레슬링,남자18세이하부,자유형53kg급,예선경기1,미종료,2025/10/21 10:00 ~ 17:00,"BEXCO 제2전시장(5D,5E)",전남 : 경기
24,레슬링_남자18세이하부_자유형57kg급_예선경기1,레슬링,남자18세이하부,자유형57kg급,예선경기1,미종료,2025/10/23 10:00 ~ 17:00,"BEXCO 제2전시장(5D,5E)",전북 : 전남
25,레슬링_남자18세이하부_자유형61kg급_예선경기1,레슬링,남자18세이하부,자유형61kg급,예선경기1,미종료,2025/10/21 10:00 ~ 17:00,"BEXCO 제2전시장(5D,5E)",광주 : 전남
26,레슬링_남자18세이하부_자유형65kg급_예선경기1,레슬링,남자18세이하부,자유형65kg급,예선경기1,미종료,2025/10/22 10:00 ~ 17:00,"BEXCO 제2전시장(5D,5E)",충남 : 전남
27,레슬링_남자18세이하부_자유형70kg급_예선경기2,레슬링,남자18세이하부,자유형70kg급,예선경기2,미종료,2025/10/21 10:00 ~ 17:00,"BEXCO 제2전시장(5D,5E)",전남 : 강원
28,레슬링_남자18세이하부_자유형74kg급_예선경기1,레슬링,남자18세이하부,자유형74kg급,예선경기1,미종료,2025/10/23 10:00 ~ 17:00,"BEXCO 제2전시장(5D,5E)",울산 : 전남
29,레슬링_남자18세이하부_자유형79kg급_준준결승경기3,레슬링,남자18세이하부,자유형79kg급,준준결승경기3,미종료,2025/10/22 10:00 ~ 17:00,"BEXCO 제2전시장(5D,5E)",전남 :
30,레슬링_남자18세이하부_자유형86kg급_예선경기3,레슬링,남자18세이하부,자유형86kg급,예선경기3,미종료,2025/10/22 10:00 ~ 17:00,"BEXCO 제2전시장(5D,5E)",전남 : 충북
31,레슬링_남자18세이하부_자유형92kg급_준준결승경기3,레슬링,남자18세이하부,자유형92kg급,준준결승경기3,미종료,2025/10/23 10:00 ~ 17:00,"BEXCO 제2전시장(5D,5E)",전남 :
32,레슬링_남자18세이하부_자유형125kg급_준준결승경기2,레슬링,남자18세이하부,자유형125kg급,준준결승경기2,미종료,2025/10/22 10:00 ~ 17:00,"BEXCO 제2전시장(5D,5E)",: 전남
33,레슬링_남자18세이하부_그레꼬로만형51kg급_예선경기2,레슬링,남자18세이하부,그레꼬로만형51kg급,예선경기2,미종료,2025/10/19 10:00 ~ 17:00,"BEXCO 제2전시장(5D,5E)",충북 : 전남
34,레슬링_남자18세이하부_그레꼬로만형55kg급_예선경기5,레슬링,남자18세이하부,그레꼬로만형55kg급,예선경기5,미종료,2025/10/18 10:00 ~ 17:00,"BEXCO 제2전시장(5D,5E)",전남 : 광주
35,레슬링_남자18세이하부_그레꼬로만형60kg급_예선경기4,레슬링,남자18세이하부,그레꼬로만형60kg급,예선경기4,미종료,2025/10/19 10:00 ~ 17:00,"BEXCO 제2전시장(5D,5E)",인천 : 전남
36,레슬링_남자18세이하부_그레꼬로만형67kg급_예선경기2,레슬링,남자18세이하부,그레꼬로만형67kg급,예선경기2,미종료,2025/10/20 10:00 ~ 17:00,"BEXCO 제2전시장(5D,5E)",전남 : 충북
37,레슬링_남자18세이하부_그레꼬로만형72kg급_예선경기3,레슬링,남자18세이하부,그레꼬로만형72kg급,예선경기3,미종료,2025/10/18 10:00 ~ 17:00,"BEXCO 제2전시장(5D,5E)",경기 : 전남
38,레슬링_남자18세이하부_그레꼬로만형77kg급_예선경기2,레슬링,남자18세이하부,그레꼬로만형77kg급,예선경기2,미종료,2025/10/20 10:00 ~ 17:00,"BEXCO 제2전시장(5D,5E)",충남 : 전남
39,레슬링_남자18세이하부_그레꼬로만형82kg급_예선경기5,레슬링,남자18세이하부,그레꼬로만형82kg급,예선경기5,미종료,2025/10/19 10:00 ~ 17:00,"BEXCO 제2전시장(5D,5E)",인천 : 전남
40,레슬링_남자18세이하부_그레꼬로만형87kg급_예선경기4,레슬링,남자18세이하부,그레꼬로만형87kg급,예선경기4,미종료,2025/10/18 10:00 ~ 17:00,"BEXCO 제2전시장(5D,5E)",제주 : 전남
41,레슬링_남자18세이하부_그레꼬로만형130kg급_예선경기3,레슬링,남자18세이하부,그레꼬로만형130kg급,예선경기3,미종료,2025/10/20 10:00 ~ 17:00,"BEXCO 제2전시장(5D,5E)",전남 : 충남
42,레슬링_남자대학부_자유형74kg급_준준결승경기4,레슬링,남자대학부,자유형74kg급,준준결승경기4,미종료,2025/10/21 10:00 ~ 17:00,"BEXCO 제2전시장(5D,5E)",전남 :
43,레슬링_남자대학부_자유형57KG급_예선경기2,레슬링,남자대학부,자유형57KG급,예선경기2,미종료,2025/10/23 10:00 ~ 17:00,"BEXCO 제2전시장(5D,5E)",충남 : 전남
44,레슬링_남자대학부_자유형61KG급_준준결승경기1,레슬링,남자대학부,자유형61KG급,준준결승경기1,미종료,2025/10/22 10:00 ~ 17:00,"BEXCO 제2전시장(5D,5E)",경기 : 전남
45,레슬링_남자대학부_자유형65KG급_준준결승경기2,레슬링,남자대학부,자유형65KG급,준준결승경기2,미종료,2025/10/21 10:00 ~ 17:00,"BEXCO 제2전시장(5D,5E)",: 전남
46,레슬링_남자대학부_자유형70KG급_준준결승경기3,레슬링,남자대학부,자유형70KG급,준준결승경기3,미종료,2025/10/22 10:00 ~ 17:00,"BEXCO 제2전시장(5D,5E)",전남 :
47,레슬링_남자대학부_자유형86KG급_예선경기2,레슬링,남자대학부,자유형86KG급,예선경기2,미종료,2025/10/22 10:00 ~ 17:00,"BEXCO 제2전시장(5D,5E)",인천 : 전남
48,레슬링_남자대학부_자유형97KG급_예선경기3,레슬링,남자대학부,자유형97KG급,예선경기3,미종료,2025/10/21 10:00 ~ 17:00,"BEXCO 제2전시장(5D,5E)",전남 : 전북
49,레슬링_남자대학부_자유형125KG급_예선경기1,레슬링,남자대학부,자유형125KG급,예선경기1,미종료,2025/10/23 10:00 ~ 17:00,"BEXCO 제2전시장(5D,5E)",경남 : 전남
50,레슬링_남자대학부_그레꼬로만형60kg급_준준결승경기3,레슬링,남자대학부,그레꼬로만형60kg급,준준결승경기3,미종료,2025/10/20 10:00 ~ 17:00,"BEXCO 제2전시장(5D,5E)",: 전남
51,레슬링_남자대학부_그레꼬로만형97kg급_준준결승경기1,레슬링,남자대학부,그레꼬로만형97kg급,준준결승경기1,미종료,2025/10/18 10:00 ~ 17:00,"BEXCO 제2전시장(5D,5E)",: 전남
52,레슬링_남자대학부_그레꼬로만형130kg급_준준결승경기3,레슬링,남자대학부,그레꼬로만형130kg급,준준결승경기3,미종료,2025/10/18 10:00 ~ 17:00,"BEXCO 제2전시장(5D,5E)",부산 : 전남
53,레슬링_남자대학부_그레꼬로만형72kg급_준준결승경기2,레슬링,남자대학부,그레꼬로만형72kg급,준준결승경기2,미종료,2025/10/20 10:00 ~ 17:00,"BEXCO 제2전시장(5D,5E)",: 전남
54,레슬링_남자대학부_그레꼬로만형77kg급_준준결승경기4,레슬링,남자대학부,그레꼬로만형77kg급,준준결승경기4,미종료,2025/10/19 10:00 ~ 17:00,"BEXCO 제2전시장(5D,5E)",전남 :
55,레슬링_남자대학부_그레꼬로만형87kg급_예선경기3,레슬링,남자대학부,그레꼬로만형87kg급,예선경기3,미종료,2025/10/19 10:00 ~ 17:00,"BEXCO 제2전시장(5D,5E)",전남 : 서울
56,레슬링_남자일반부_자유형74kg급_예선경기3,레슬링,남자일반부,자유형74kg급,예선경기3,미종료,2025/10/21 10:00 ~ 17:00,"BEXCO 제2전시장(5D,5E)",광주 : 전남
57,레슬링_남자일반부_자유형57KG급_예선경기1,레슬링,남자일반부,자유형57KG급,예선경기1,미종료,2025/10/22 10:00 ~ 17:00,"BEXCO 제2전시장(5D,5E)",경기 : 전남
58,레슬링_남자일반부_자유형61KG급_준준결승경기1,레슬링,남자일반부,자유형61KG급,준준결승경기1,미종료,2025/10/23 10:00 ~ 17:00,"BEXCO 제2전시장(5D,5E)",부산 : 전남
59,레슬링_남자일반부_자유형65KG급_예선경기1,레슬링,남자일반부,자유형65KG급,예선경기1,미종료,2025/10/22 10:00 ~ 17:00,"BEXCO 제2전시장(5D,5E)",경북 : 전남
60,레슬링_남자일반부_자유형86KG급_예선경기2,레슬링,남자일반부,자유형86KG급,예선경기2,미종료,2025/10/21 10:00 ~ 17:00,"BEXCO 제2전시장(5D,5E)",전남 : 세종
61,레슬링_남자일반부_자유형97KG급_예선경기1,레슬링,남자일반부,자유형97KG급,예선경기1,미종료,2025/10/22 10:00 ~ 17:00,"BEXCO 제2전시장(5D,5E)",경기 : 전남
62,레슬링_남자일반부_자유형125KG급_예선경기3,레슬링,남자일반부,자유형125KG급,예선경기3,미종료,2025/10/21 10:00 ~ 17:00,"BEXCO 제2전시장(5D,5E)",전남 : 서울
63,레슬링_남자일반부_그레꼬로만형60kg급_준준결승경기3,레슬링,남자일반부,그레꼬로만형60kg급,준준결승경기3,미종료,2025/10/18 10:00 ~ 17:00,"BEXCO 제2전시장(5D,5E)",전남 :
64,레슬링_남자일반부_그레꼬로만형97kg급_예선경기2,레슬링,남자일반부,그레꼬로만형97kg급,예선경기2,미종료,2025/10/20 10:00 ~ 17:00,"BEXCO 제2전시장(5D,5E)",전남 : 서울
65,레슬링_남자일반부_그레꼬로만형130kg급_예선경기1,레슬링,남자일반부,그레꼬로만형130kg급,예선경기1,미종료,2025/10/19 10:00 ~ 17:00,"BEXCO 제2전시장(5D,5E)",대전 : 전남
66,레슬링_남자일반부_그레꼬로만형67kg급_준준결승경기1,레슬링,남자일반부,그레꼬로만형67kg급,준준결승경기1,미종료,2025/10/20 10:00 ~ 17:00,"BEXCO 제2전시장(5D,5E)",부산 : 전남
67,레슬링_남자일반부_그레꼬로만형72kg급_예선경기5,레슬링,남자일반부,그레꼬로만형72kg급,예선경기5,미종료,2025/10/19 10:00 ~ 17:00,"BEXCO 제2전시장(5D,5E)",전남 : 대구
68,레슬링_남자일반부_그레꼬로만형77kg급_예선경기5,레슬링,남자일반부,그레꼬로만형77kg급,예선경기5,미종료,2025/10/18 10:00 ~ 17:00,"BEXCO 제2전시장(5D,5E)",전남 : 경북
69,레슬링_남자일반부_그레꼬로만형87kg급_준준결승경기4,레슬링,남자일반부,그레꼬로만형87kg급,준준결승경기4,미종료,2025/10/19 10:00 ~ 17:00,"BEXCO 제2전시장(5D,5E)",전남 :
70,레슬링_여자18세이하부_자유형55kg급_예선경기1,레슬링,여자18세이하부,자유형55kg급,예선경기1,미종료,2025/10/18 10:00 ~ 17:00,"BEXCO 제2전시장(5D,5E)",경기 : 전남
71,레슬링_여자18세이하부_자유형50kg급_준준결승경기1,레슬링,여자18세이하부,자유형50kg급,준준결승경기1,미종료,2025/10/19 10:00 ~ 17:00,"BEXCO 제2전시장(5D,5E)",충북 : 전남
72,레슬링_여자18세이하부_자유형57kg급_준준결승경기1,레슬링,여자18세이하부,자유형57kg급,준준결승경기1,미종료,2025/10/18 10:00 ~ 17:00,"BEXCO 제2전시장(5D,5E)",전남 : 제주
73,레슬링_여자18세이하부_자유형62kg급_예선경기1,레슬링,여자18세이하부,자유형62kg급,예선경기1,미종료,2025/10/18 10:00 ~ 17:00,"BEXCO 제2전시장(5D,5E)",경기 : 전남
74,레슬링_여자18세이하부_자유형76kg급_예선경기2,레슬링,여자18세이하부,자유형76kg급,예선경기2,미종료,2025/10/19 10:00 ~ 17:00,"BEXCO 제2전시장(5D,5E)",전북 : 전남
75,레슬링_여자일반부_자유형55kg급_예선경기2,레슬링,여자일반부,자유형55kg급,예선경기2,미종료,2025/10/20 10:00 ~ 17:00,"BEXCO 제2전시장(5D,5E)",경북 : 전남
76,레슬링_여자일반부_자유형50kg급_준준결승경기2,레슬링,여자일반부,자유형50kg급,준준결승경기2,미종료,2025/10/21 10:00 ~ 17:00,"BEXCO 제2전시장(5D,5E)",경북 : 전남
77,레슬링_여자일반부_자유형57kg급_준준결승경기1,레슬링,여자일반부,자유형57kg급,준준결승경기1,미종료,2025/10/20 10:00 ~ 17:00,"BEXCO 제2전시장(5D,5E)",전남 : 경기
78,레슬링_여자일반부_자유형62kg급_예선경기5,레슬링,여자일반부,자유형62kg급,예선경기5,미종료,2025/10/20 10:00 ~ 17:00,"BEXCO 제2전시장(5D,5E)",전남 : 경남
79,레슬링_여자일반부_자유형68kg급_준준결승경기3,레슬링,여자일반부,자유형68kg급,준준결승경기3,미종료,2025/10/20 10:00 ~ 17:00,"BEXCO 제2전시장(5D,5E)",전남 :
80,레슬링_여자일반부_자유형76kg급_예선경기3,레슬링,여자일반부,자유형76kg급,예선경기3,미종료,2025/10/21 10:00 ~ 17:00,"BEXCO 제2전시장(5D,5E)",전남 : 경북
81,바둑_남자일반부_단체전_예선경기7,바둑,남자일반부,단체전,예선경기7,미종료,2025/10/18 13:30 ~ 15:30,수영구 국민체육센터,대전 : 전남
82,바둑_여자일반부_단체전_예선경기6,바둑,여자일반부,단체전,예선경기6,미종료,2025/10/18 13:30 ~ 15:30,수영구 국민체육센터,전남 : 세종
83,바둑_18세이하부_혼성개인전_예선경기6,바둑,18세이하부,혼성개인전,예선경기6,미종료,2025/10/18 13:30 ~ 15:30,수영구 국민체육센터,세종 : 전남
84,바둑_일반부_혼성페어전_예선경기1,바둑,일반부,혼성페어전,예선경기1,미종료,2025/10/18 10:00 ~ 12:00,수영구 국민체육센터,경기 : 전남
85,배구_남자18세이하부_단체전_예선경기4,배구,남자18세이하부,단체전,예선경기4,미종료,2025/10/17 16:00 ~ 18:00,동래중학교,전북 : 전남
86,배구_남자대학부_단체전_준준결승경기2,배구,남자대학부,단체전,준준결승경기2,미종료,2025/10/19 12:00 ~ 14:00,동서대학교 민석스포츠센터 2층,: 전남
87,배구_여자18세이하부_단체전_예선경기2,배구,여자18세이하부,단체전,예선경기2,미종료,2025/10/17 12:00 ~ 14:00,부산광역시교육청 학생교육문화회관,전남 : 강원
88,배구_여자일반부_단체전_준준결승경기1,배구,여자일반부,단체전,준준결승경기1,미종료,2025/10/18 14:00 ~ 16:00,부산광역시교육청 학생교육문화회관,경북 : 전남
89,배드민턴_남자18세이하부_단체전_예선경기5,배드민턴,남자18세이하부,단체전,예선경기5,미종료,2025/10/02 11:30,강서체육공원 실내체육관,대구 : 전남
90,배드민턴_남자18세이하부_개인복식_예선경기2,배드민턴,남자18세이하부,개인복식,예선경기2,종료,2025/09/30 10:40,강서체육공원 실내체육관,전남>충남
91,배드민턴_남자18세이하부_개인복식_준준결승경기1,배드민턴,남자18세이하부,개인복식,준준결승경기1,종료,2025/09/30 15:00,강서체육공원 실내체육관,제주<전남
92,배드민턴_남자18세이하부_개인복식_준결승경기1,배드민턴,남자18세이하부,개인복식,준결승경기1,종료,2025/10/01 10:00,강서체육공원 실내체육관,서울>전남
93,배드민턴_남자대학부_단체전_예선경기4,배드민턴,남자대학부,단체전,예선경기4,미종료,2025/10/02 15:00,강서체육공원 실내체육관,전남 : 광주
94,배드민턴_남자대학부_개인복식_예선경기3,배드민턴,남자대학부,개인복식,예선경기3,종료,2025/09/30 12:00,강서체육공원 실내체육관,전남<대구
95,배드민턴_남자일반부_단체전_예선경기2,배드민턴,남자일반부,단체전,예선경기2,미종료,2025/10/02 17:00,강서체육공원 실내체육관,경북 : 전남
96,배드민턴_남자일반부_개인복식_예선경기3,배드민턴,남자일반부,개인복식,예선경기3,종료,2025/09/30 13:20,강서체육공원 실내체육관,전남<전북
97,배드민턴_여자18세이하부_단체전_예선경기3,배드민턴,여자18세이하부,단체전,예선경기3,종료,2025/10/02 09:00,강서체육공원 실내체육관,경남>전남
98,배드민턴_여자18세이하부_개인복식_예선경기2,배드민턴,여자18세이하부,개인복식,예선경기2,종료,2025/09/30 10:00,강서체육공원 실내체육관,전남<제주
99,배드민턴_여자일반부_단체전_준준결승경기3,배드민턴,여자일반부,단체전,준준결승경기3,미종료,2025/10/03 15:30,강서체육공원 실내체육관,: 전남
100,배드민턴_여자일반부_개인복식_예선경기1,배드민턴,여자일반부,개인복식,예선경기1,종료,2025/09/30 12:40,강서체육공원 실내체육관,전남>충남
101,배드민턴_여자일반부_개인복식_준준결승경기2,배드민턴,여자일반부,개인복식,준준결승경기2,종료,2025/09/30 17:00,강서체육공원 실내체육관,전남>인천
102,배드민턴_여자일반부_개인복식_준결승경기2,배드민턴,여자일반부,개인복식,준결승경기2,종료,2025/10/01 11:00,강서체육공원 실내체육관,대구>전남
103,배드민턴_18세이하부_혼합복식_예선경기4,배드민턴,18세이하부,혼합복식,예선경기4,종료,2025/09/30 11:20,강서체육공원 실내체육관,전남<충북
104,배드민턴_일반부_혼합복식_준준결승경기1,배드민턴,일반부,혼합복식,준준결승경기1,종료,2025/09/30 17:40,강서체육공원 실내체육관,전남<충북
105,복싱_남자18세이하부_라이트플라이급_예선경기6,복싱,남자18세이하부,라이트플라이급,예선경기6,미종료,2025/10/18,BEXCO 제2전시장(5C),광주 : 전남
106,복싱_남자18세이하부_플라이급_예선경기5,복싱,남자18세이하부,플라이급,예선경기5,미종료,2025/10/19,BEXCO 제2전시장(5C),전남 : 전북
107,복싱_남자18세이하부_밴텀급_예선경기5,복싱,남자18세이하부,밴텀급,예선경기5,미종료,2025/10/18,BEXCO 제2전시장(5C),전남 : 광주
108,복싱_남자18세이하부_라이트급_예선경기7,복싱,남자18세이하부,라이트급,예선경기7,미종료,2025/10/17,BEXCO 제2전시장(5C),전남 : 대구
109,복싱_남자18세이하부_라이트웰터급_예선경기5,복싱,남자18세이하부,라이트웰터급,예선경기5,미종료,2025/10/19,BEXCO 제2전시장(5C),제주 : 전남
110,복싱_남자18세이하부_웰터급_예선경기6,복싱,남자18세이하부,웰터급,예선경기6,미종료,2025/10/19,BEXCO 제2전시장(5C),제주 : 전남
111,복싱_남자18세이하부_미들급_예선경기4,복싱,남자18세이하부,미들급,예선경기4,미종료,2025/10/17,BEXCO 제2전시장(5C),경기 : 전남
112,복싱_남자18세이하부_라이트헤비급_예선경기2,복싱,남자18세이하부,라이트헤비급,예선경기2,미종료,2025/10/18,BEXCO 제2전시장(5C),광주 : 전남
113,복싱_남자18세이하부_헤비급_예선경기6,복싱,남자18세이하부,헤비급,예선경기6,미종료,2025/10/17,BEXCO 제2전시장(5C),광주 : 전남
114,복싱_남자18세이하부_핀급_예선경기3,복싱,남자18세이하부,핀급,예선경기3,미종료,2025/10/17,BEXCO 제2전시장(5C),전남 : 대구
115,복싱_남자대학부_라이트웰터급_예선경기5,복싱,남자대학부,라이트웰터급,예선경기5,미종료,2025/10/19,BEXCO 제2전시장(5C),전남 : 광주
116,복싱_남자대학부_웰터급_예선경기7,복싱,남자대학부,웰터급,예선경기7,미종료,2025/10/17,BEXCO 제2전시장(5C),전남 : 제주
117,복싱_남자대학부_미들급_예선경기6,복싱,남자대학부,미들급,예선경기6,미종료,2025/10/19,BEXCO 제2전시장(5C),제주 : 전남
118,복싱_남자대학부_라이트헤비급_예선경기6,복싱,남자대학부,라이트헤비급,예선경기6,미종료,2025/10/19,BEXCO 제2전시장(5C),서울 : 전남
119,복싱_남자일반부_플라이급_예선경기2,복싱,남자일반부,플라이급,예선경기2,미종료,2025/10/19,BEXCO 제2전시장(5C),전남 : 대전
120,복싱_남자일반부_밴텀급_준준결승경기3,복싱,남자일반부,밴텀급,준준결승경기3,미종료,2025/10/18,BEXCO 제2전시장(5C),전남 :
121,복싱_남자일반부_라이트급_준준결승경기3,복싱,남자일반부,라이트급,준준결승경기3,미종료,2025/10/20,BEXCO 제2전시장(5C),전남 :
122,복싱_남자일반부_라이트웰터급_예선경기4,복싱,남자일반부,라이트웰터급,예선경기4,미종료,2025/10/17,BEXCO 제2전시장(5C),대전 : 전남
123,복싱_남자일반부_웰터급_예선경기2,복싱,남자일반부,웰터급,예선경기2,미종료,2025/10/19,BEXCO 제2전시장(5C),제주 : 전남
124,복싱_남자일반부_미들급_예선경기4,복싱,남자일반부,미들급,예선경기4,미종료,2025/10/18,BEXCO 제2전시장(5C),전남 : 경기
125,복싱_남자일반부_라이트헤비급_예선경기3,복싱,남자일반부,라이트헤비급,예선경기3,미종료,2025/10/19,BEXCO 제2전시장(5C),전남 : 충남
126,복싱_남자일반부_헤비급_예선경기3,복싱,남자일반부,헤비급,예선경기3,미종료,2025/10/17,BEXCO 제2전시장(5C),전남 : 서울
127,복싱_남자일반부_슈퍼헤비급_예선경기1,복싱,남자일반부,슈퍼헤비급,예선경기1,미종료,2025/10/17,BEXCO 제2전시장(5C),전남 : 강원
128,복싱_여자18세이하부_플라이급_예선경기1,복싱,여자18세이하부,플라이급,예선경기1,미종료,2025/10/18,BEXCO 제2전시장(5C),서울 : 전남
129,복싱_여자18세이하부_라이트급_준준결승경기3,복싱,여자18세이하부,라이트급,준준결승경기3,미종료,2025/10/20,BEXCO 제2전시장(5C),전남 :
130,복싱_여자18세이하부_미들급_준준결승경기3,복싱,여자18세이하부,미들급,준준결승경기3,미종료,2025/10/20,BEXCO 제2전시장(5C),부산 : 전남
131,복싱_여자일반부_플라이급_예선경기2,복싱,여자일반부,플라이급,예선경기2,미종료,2025/10/19 11:00,BEXCO 제2전시장(5C),인천 : 전남
132,복싱_여자일반부_라이트급_예선경기3,복싱,여자일반부,라이트급,예선경기3,미종료,2025/10/18,BEXCO 제2전시장(5C),전남 : 전북
133,복싱_여자일반부_미들급_예선경기4,복싱,여자일반부,미들급,예선경기4,미종료,2025/10/19,BEXCO 제2전시장(5C),경북 : 전남
134,세팍타크로_남자18세이하부_단체전_예선경기2,세팍타크로,남자18세이하부,단체전,예선경기2,미종료,2025/10/18 12:40 ~ 14:00,부산사직종합운동장 실내체육관,인천 : 전남
135,세팍타크로_남자일반부_단체전_예선경기1,세팍타크로,남자일반부,단체전,예선경기1,미종료,2025/10/18 11:20 ~ 12:40,부산사직종합운동장 실내체육관,세종 : 전남
136,세팍타크로_여자일반부_단체전_예선경기3,세팍타크로,여자일반부,단체전,예선경기3,미종료,2025/10/18 14:00 ~ 15:20,부산사직종합운동장 실내체육관,전남 : 충북
137,소프트테니스_남자18세이하부_단체전_예선경기4,소프트테니스,남자18세이하부,단체전,예선경기4,미종료,2025/10/20 11:50 ~ 14:40,을숙도 다목적 실내생활체육관,충남 : 전남
138,소프트테니스_남자18세이하부_개인복식_예선경기3,소프트테니스,남자18세이하부,개인복식,예선경기3,미종료,2025/10/18 10:40 ~ 11:30,을숙도 다목적 실내생활체육관,전남 : 경기
139,소프트테니스_남자18세이하부_개인단식_예선경기1,소프트테니스,남자18세이하부,개인단식,예선경기1,미종료,2025/10/18 09:50 ~ 10:40,을숙도 다목적 실내생활체육관,강원 : 전남
140,소프트테니스_남자대학부_단체전_예선경기3,소프트테니스,남자대학부,단체전,예선경기3,미종료,2025/10/20 14:40 ~ 18:00,을숙도 다목적 실내생활체육관,전남 : 충북
141,소프트테니스_남자대학부_개인복식_예선경기3,소프트테니스,남자대학부,개인복식,예선경기3,미종료,2025/10/18 10:40 ~ 11:30,을숙도 다목적 실내생활체육관,전남 : 충북
142,소프트테니스_남자대학부_개인단식_예선경기4,소프트테니스,남자대학부,개인단식,예선경기4,미종료,2025/10/18 13:10 ~ 14:00,을숙도 다목적 실내생활체육관,인천 : 전남
143,소프트테니스_남자일반부_단체전_예선경기2,소프트테니스,남자일반부,단체전,예선경기2,미종료,2025/10/20 09:00 ~ 11:50,을숙도 다목적 실내생활체육관,전남 : 경기
144,소프트테니스_남자일반부_개인복식_예선경기3,소프트테니스,남자일반부,개인복식,예선경기3,미종료,2025/10/18 11:30 ~ 12:20,을숙도 다목적 실내생활체육관,전남 : 경기
145,소프트테니스_남자일반부_개인단식_예선경기1,소프트테니스,남자일반부,개인단식,예선경기1,미종료,2025/10/18 09:50 ~ 10:40,을숙도 다목적 실내생활체육관,전남 : 충남
146,소프트테니스_여자18세이하부_단체전_예선경기1,소프트테니스,여자18세이하부,단체전,예선경기1,미종료,2025/10/20 09:00 ~ 11:50,을숙도 다목적 실내생활체육관,전남 : 경기
147,소프트테니스_여자18세이하부_개인복식_예선경기1,소프트테니스,여자18세이하부,개인복식,예선경기1,미종료,2025/10/18 09:00 ~ 09:50,을숙도 다목적 실내생활체육관,전남 : 대전
148,소프트테니스_여자18세이하부_개인단식_준준결승경기2,소프트테니스,여자18세이하부,개인단식,준준결승경기2,미종료,2025/10/18 15:20 ~ 16:10,을숙도 다목적 실내생활체육관,: 전남
149,소프트테니스_여자일반부_단체전_준준결승경기1,소프트테니스,여자일반부,단체전,준준결승경기1,미종료,2025/10/21 14:40 ~ 18:00,을숙도 다목적 실내생활체육관,부산 : 전남
150,소프트테니스_여자일반부_개인복식_준준결승경기3,소프트테니스,여자일반부,개인복식,준준결승경기3,미종료,2025/10/18 14:30 ~ 15:20,을숙도 다목적 실내생활체육관,: 전남
151,소프트테니스_여자일반부_개인단식_준준결승경기1,소프트테니스,여자일반부,개인단식,준준결승경기1,미종료,2025/10/19 09:50 ~ 10:40,을숙도 다목적 실내생활체육관,부산 : 전남
152,수영(수구)_남자18세이하부_수구_예선경기3,수영(수구),남자18세이하부,수구,예선경기3,미종료,2025/10/16 16:20 ~ 17:40,부산사직종합운동장 실내수영장,전남 : 서울
153,수영(수구)_남자일반부_수구_준준결승경기3,수영(수구),남자일반부,수구,준준결승경기3,미종료,2025/10/19 22:10 ~ 23:30,부산사직종합운동장 실내수영장,전남 :
154,스쿼시_남자18세이하부_개인전_준준결승경기3,스쿼시,남자18세이하부,개인전,준준결승경기3,미종료,2025/10/18 13:00 ~ 14:00,경성대학교 스포츠센터 스쿼시장,전남 :
155,스쿼시_남자18세이하부_단체전_예선경기3,스쿼시,남자18세이하부,단체전,예선경기3,미종료,2025/10/19 17:30 ~ 19:30,경성대학교 스포츠센터 스쿼시장,충북 : 전남
156,스쿼시_여자18세이하부_개인전_예선경기5,스쿼시,여자18세이하부,개인전,예선경기5,미종료,2025/10/17 14:00 ~ 15:00,경성대학교 스포츠센터 스쿼시장,인천 : 전남
157,스쿼시_여자18세이하부_단체전_예선경기5,스쿼시,여자18세이하부,단체전,예선경기5,미종료,2025/10/19 16:00 ~ 17:30,경성대학교 스포츠센터 스쿼시장,전북 : 전남
158,스쿼시_여자일반부_개인전_예선경기5,스쿼시,여자일반부,개인전,예선경기5,미종료,2025/10/17 11:00 ~ 12:00,경성대학교 스포츠센터 스쿼시장,충북 : 전남
159,스쿼시_여자일반부_단체전_예선경기1,스쿼시,여자일반부,단체전,예선경기1,미종료,2025/10/19 09:00 ~ 10:30,경성대학교 스포츠센터 스쿼시장,전남 : 경기
160,씨름_남자18세이하부_단체전_예선경기5,씨름,남자18세이하부,단체전,예선경기5,미종료,2025/10/18 13:00 ~ 18:00,BEXCO 제2전시장(5B),경북 : 전남
161,씨름_남자18세이하부_경장급70kg_예선경기7,씨름,남자18세이하부,경장급70kg,예선경기7,미종료,2025/10/17 10:00 ~ 14:00,BEXCO 제2전시장(5B),전남 : 대전
162,씨름_남자18세이하부_소장급75kg_예선경기7,씨름,남자18세이하부,소장급75kg,예선경기7,미종료,2025/10/17 10:00 ~ 14:00,BEXCO 제2전시장(5B),대전 : 전남
163,씨름_남자18세이하부_청장급80kg_예선경기5,씨름,남자18세이하부,청장급80kg,예선경기5,미종료,2025/10/17 10:00 ~ 14:00,BEXCO 제2전시장(5B),전남 : 대구
164,씨름_남자18세이하부_용장급85kg_예선경기3,씨름,남자18세이하부,용장급85kg,예선경기3,미종료,2025/10/17 10:00 ~ 14:00,BEXCO 제2전시장(5B),경남 : 전남
165,씨름_남자18세이하부_용사급90kg_예선경기1,씨름,남자18세이하부,용사급90kg,예선경기1,미종료,2025/10/17 10:00 ~ 14:00,BEXCO 제2전시장(5B),전남 : 경남
166,씨름_남자18세이하부_역사급100kg_예선경기2,씨름,남자18세이하부,역사급100kg,예선경기2,미종료,2025/10/17 10:00 ~ 14:00,BEXCO 제2전시장(5B),경북 : 전남
167,씨름_남자18세이하부_장사급135kg_예선경기4,씨름,남자18세이하부,장사급135kg,예선경기4,미종료,2025/10/17 10:00 ~ 14:00,BEXCO 제2전시장(5B),세종 : 전남
168,씨름_남자대학부_단체전_예선경기6,씨름,남자대학부,단체전,예선경기6,미종료,2025/10/20 13:00 ~ 18:00,BEXCO 제2전시장(5B),전남 : 전북
169,씨름_남자대학부_경장급75kg_예선경기8,씨름,남자대학부,경장급75kg,예선경기8,미종료,2025/10/19 10:00 ~ 14:00,BEXCO 제2전시장(5B),부산 : 전남
170,씨름_남자대학부_소장급80kg_예선경기3,씨름,남자대학부,소장급80kg,예선경기3,미종료,2025/10/19 10:00 ~ 14:00,BEXCO 제2전시장(5B),전남 : 대전
171,씨름_남자대학부_청장급85kg_예선경기3,씨름,남자대학부,청장급85kg,예선경기3,미종료,2025/10/19 10:00 ~ 14:00,BEXCO 제2전시장(5B),경남 : 전남
172,씨름_남자대학부_용장급90kg_예선경기5,씨름,남자대학부,용장급90kg,예선경기5,미종료,2025/10/19 10:00 ~ 14:00,BEXCO 제2전시장(5B),전북 : 전남
173,씨름_남자대학부_용사급95kg_예선경기3,씨름,남자대학부,용사급95kg,예선경기3,미종료,2025/10/19 10:00 ~ 14:00,BEXCO 제2전시장(5B),울산 : 전남
174,씨름_남자대학부_역사급105kg_예선경기4,씨름,남자대학부,역사급105kg,예선경기4,미종료,2025/10/19 10:00 ~ 14:00,BEXCO 제2전시장(5B),전남 : 전북
175,씨름_남자대학부_장사급140kg_예선경기2,씨름,남자대학부,장사급140kg,예선경기2,미종료,2025/10/19 10:00 ~ 14:00,BEXCO 제2전시장(5B),전남 : 전북
176,씨름_남자일반부_단체전_예선경기4,씨름,남자일반부,단체전,예선경기4,미종료,2025/10/22 14:30 ~ 19:00,BEXCO 제2전시장(5B),전남 : 인천
177,씨름_남자일반부_경장급75kg_예선경기1,씨름,남자일반부,경장급75kg,예선경기1,미종료,2025/10/21 10:00 ~ 14:00,BEXCO 제2전시장(5B),경북 : 전남
178,씨름_남자일반부_소장급80kg_예선경기3,씨름,남자일반부,소장급80kg,예선경기3,미종료,2025/10/21 10:00 ~ 14:00,BEXCO 제2전시장(5B),전남 : 경북
179,씨름_남자일반부_청장급85kg_예선경기6,씨름,남자일반부,청장급85kg,예선경기6,미종료,2025/10/21 10:00 ~ 14:00,BEXCO 제2전시장(5B),강원 : 전남
180,씨름_남자일반부_용장급90kg_예선경기4,씨름,남자일반부,용장급90kg,예선경기4,미종료,2025/10/21 10:00 ~ 14:00,BEXCO 제2전시장(5B),전남 : 강원
181,씨름_남자일반부_용사급95kg_예선경기5,씨름,남자일반부,용사급95kg,예선경기5,미종료,2025/10/21 10:00 ~ 14:00,BEXCO 제2전시장(5B),전남 : 강원
182,씨름_남자일반부_역사급105kg_예선경기3,씨름,남자일반부,역사급105kg,예선경기3,미종료,2025/10/21 10:00 ~ 14:00,BEXCO 제2전시장(5B),전남 : 울산
183,씨름_남자일반부_장사급140kg_예선경기5,씨름,남자일반부,장사급140kg,예선경기5,미종료,2025/10/21 10:00 ~ 14:00,BEXCO 제2전시장(5B),전남 : 전북
184,씨름_여자일반부_매화급_예선경기5,씨름,여자일반부,매화급,예선경기5,미종료,2025/10/22 10:30 ~ 12:00,BEXCO 제2전시장(5B),전남 : 대전
185,씨름_여자일반부_무궁화급_예선경기1,씨름,여자일반부,무궁화급,예선경기1,미종료,2025/10/22 10:30 ~ 12:00,BEXCO 제2전시장(5B),강원 : 전남
186,씨름_여자일반부_국화급_예선경기4,씨름,여자일반부,국화급,예선경기4,미종료,2025/10/22 10:30 ~ 12:00,BEXCO 제2전시장(5B),경북 : 전남
187,야구소프트볼_남자18세이하부_야구_예선경기6,야구소프트볼,남자18세이하부,야구,예선경기6,미종료,2025/10/18 11:30 ~ 14:00,기장 현대차드림볼파크 보조B,경기 : 전남
188,야구소프트볼_남자일반부_야구_예선경기6,야구소프트볼,남자일반부,야구,예선경기6,미종료,2025/10/18 15:00 ~ 17:30,기장 현대차드림볼파크 메인야구장,전남 : 강원
189,우슈_남자18세이하부_산타60kg_예선경기3,우슈,남자18세이하부,산타60kg,예선경기3,미종료,2025/10/18 10:10 ~ 10:20,동의과학대학교 석당문화관,전남 : 경북
190,우슈_남자18세이하부_산타65kg_예선경기5,우슈,남자18세이하부,산타65kg,예선경기5,미종료,2025/10/18 11:40 ~ 11:50,동의과학대학교 석당문화관,부산 : 전남
191,우슈_남자일반부_산타56kg_예선경기2,우슈,남자일반부,산타56kg,예선경기2,미종료,2025/10/18 14:30 ~ 14:40,동의과학대학교 석당문화관,경기 : 전남
192,우슈_남자일반부_산타60kg_예선경기2,우슈,남자일반부,산타60kg,예선경기2,미종료,2025/10/18 15:30 ~ 15:40,동의과학대학교 석당문화관,경남 : 전남
193,우슈_남자일반부_산타65kg_예선경기7,우슈,남자일반부,산타65kg,예선경기7,미종료,2025/10/18 16:20 ~ 16:30,동의과학대학교 석당문화관,전북 : 전남
194,우슈_남자일반부_산타70kg_예선경기7,우슈,남자일반부,산타70kg,예선경기7,미종료,2025/10/18 17:30 ~ 17:40,동의과학대학교 석당문화관,전남 : 충남
195,우슈_남자일반부_산타75kg_준준결승경기4,우슈,남자일반부,산타75kg,준준결승경기4,미종료,2025/10/19 16:10 ~ 16:20,동의과학대학교 석당문화관,전남 :
196,유도_남자18세이하부_개인전55kg이하급_예선경기6,유도,남자18세이하부,개인전55kg이하급,예선경기6,미종료,2025/10/20,부경대학교 대연캠퍼스체육관,대구 : 전남
197,유도_남자18세이하부_개인전60kg이하급_예선경기3,유도,남자18세이하부,개인전60kg이하급,예선경기3,미종료,2025/10/20,부경대학교 대연캠퍼스체육관,전남 : 경남
198,유도_남자18세이하부_개인전66kg이하급_예선경기5,유도,남자18세이하부,개인전66kg이하급,예선경기5,미종료,2025/10/20,부경대학교 대연캠퍼스체육관,전남 : 서울
199,유도_남자18세이하부_개인전73kg이하급_예선경기5,유도,남자18세이하부,개인전73kg이하급,예선경기5,미종료,2025/10/20,부경대학교 대연캠퍼스체육관,서울 : 전남
200,유도_남자18세이하부_개인전81kg이하급_예선경기7,유도,남자18세이하부,개인전81kg이하급,예선경기7,미종료,2025/10/20,부경대학교 대연캠퍼스체육관,대전 : 전남
201,유도_남자18세이하부_개인전90kg이하급_예선경기5,유도,남자18세이하부,개인전90kg이하급,예선경기5,미종료,2025/10/20,부경대학교 대연캠퍼스체육관,전남 : 강원
202,유도_남자18세이하부_개인전100kg이하급_예선경기2,유도,남자18세이하부,개인전100kg이하급,예선경기2,미종료,2025/10/20,부경대학교 대연캠퍼스체육관,전남 : 강원
203,유도_남자18세이하부_개인전100kg이상급_예선경기7,유도,남자18세이하부,개인전100kg이상급,예선경기7,미종료,2025/10/20,부경대학교 대연캠퍼스체육관,대구 : 전남
204,유도_남자18세이하부_개인전무제한급_예선경기1,유도,남자18세이하부,개인전무제한급,예선경기1,미종료,2025/10/20,부경대학교 대연캠퍼스체육관,전남 : 울산
205,유도_남자대학부_개인전60kg이하급_예선경기1,유도,남자대학부,개인전60kg이하급,예선경기1,미종료,2025/10/17,부경대학교 대연캠퍼스체육관,광주 : 전남
206,유도_남자대학부_개인전66kg이하급_예선경기4,유도,남자대학부,개인전66kg이하급,예선경기4,미종료,2025/10/17,부경대학교 대연캠퍼스체육관,전남 : 대구
207,유도_남자대학부_개인전73kg이하급_예선경기3,유도,남자대학부,개인전73kg이하급,예선경기3,미종료,2025/10/17,부경대학교 대연캠퍼스체육관,전남 : 인천
208,유도_남자대학부_개인전81kg이하급_예선경기5,유도,남자대학부,개인전81kg이하급,예선경기5,미종료,2025/10/17,부경대학교 대연캠퍼스체육관,전남 : 서울
209,유도_남자대학부_개인전90kg이하급_예선경기3,유도,남자대학부,개인전90kg이하급,예선경기3,미종료,2025/10/17,부경대학교 대연캠퍼스체육관,전남 : 충북
210,유도_남자대학부_개인전100kg이하급_예선경기7,유도,남자대학부,개인전100kg이하급,예선경기7,미종료,2025/10/17,부경대학교 대연캠퍼스체육관,전남 : 충북
211,유도_남자대학부_개인전100kg이상급_예선경기6,유도,남자대학부,개인전100kg이상급,예선경기6,미종료,2025/10/17,부경대학교 대연캠퍼스체육관,전남 : 충남
212,유도_남자일반부_개인전60kg이하급_예선경기3,유도,남자일반부,개인전60kg이하급,예선경기3,미종료,2025/10/18,부경대학교 대연캠퍼스체육관,경북 : 전남
213,유도_남자일반부_개인전66kg이하급_예선경기7,유도,남자일반부,개인전66kg이하급,예선경기7,미종료,2025/10/18,부경대학교 대연캠퍼스체육관,제주 : 전남
214,유도_남자일반부_개인전73kg이하급_예선경기7,유도,남자일반부,개인전73kg이하급,예선경기7,미종료,2025/10/18,부경대학교 대연캠퍼스체육관,전남 : 충북
215,유도_남자일반부_개인전81kg이하급_예선경기1,유도,남자일반부,개인전81kg이하급,예선경기1,미종료,2025/10/18,부경대학교 대연캠퍼스체육관,경남 : 전남
216,유도_남자일반부_개인전90kg이하급_예선경기3,유도,남자일반부,개인전90kg이하급,예선경기3,미종료,2025/10/18,부경대학교 대연캠퍼스체육관,전남 : 충남
217,유도_남자일반부_개인전100kg이하급_예선경기3,유도,남자일반부,개인전100kg이하급,예선경기3,미종료,2025/10/18,부경대학교 대연캠퍼스체육관,전남 : 경기
218,유도_남자일반부_개인전100kg이상급_예선경기3,유도,남자일반부,개인전100kg이상급,예선경기3,미종료,2025/10/18,부경대학교 대연캠퍼스체육관,전남 : 대구
219,유도_여자18세이하부_개인전48kg이하급_예선경기6,유도,여자18세이하부,개인전48kg이하급,예선경기6,미종료,2025/10/21,부경대학교 대연캠퍼스체육관,전남 : 울산
220,유도_여자18세이하부_개인전52kg이하급_예선경기7,유도,여자18세이하부,개인전52kg이하급,예선경기7,미종료,2025/10/21,부경대학교 대연캠퍼스체육관,전남 : 울산
221,유도_여자18세이하부_개인전57kg이하급_예선경기2,유도,여자18세이하부,개인전57kg이하급,예선경기2,미종료,2025/10/21,부경대학교 대연캠퍼스체육관,전남 : 충북
222,유도_여자18세이하부_개인전63kg이하급_예선경기7,유도,여자18세이하부,개인전63kg이하급,예선경기7,미종료,2025/10/21,부경대학교 대연캠퍼스체육관,서울 : 전남
223,유도_여자18세이하부_개인전70kg이하급_예선경기5,유도,여자18세이하부,개인전70kg이하급,예선경기5,미종료,2025/10/21,부경대학교 대연캠퍼스체육관,전남 : 서울
224,유도_여자18세이하부_개인전78kg이하급_예선경기4,유도,여자18세이하부,개인전78kg이하급,예선경기4,미종료,2025/10/21,부경대학교 대연캠퍼스체육관,전남 : 제주
225,유도_여자18세이하부_개인전78kg이상급_예선경기2,유도,여자18세이하부,개인전78kg이상급,예선경기2,미종료,2025/10/21,부경대학교 대연캠퍼스체육관,전북 : 전남
226,유도_여자18세이하부_개인전무제한급_예선경기1,유도,여자18세이하부,개인전무제한급,예선경기1,미종료,2025/10/21,부경대학교 대연캠퍼스체육관,대구 : 전남
227,유도_여자대학부_개인전48kg이하급_예선경기1,유도,여자대학부,개인전48kg이하급,예선경기1,미종료,2025/10/17,부경대학교 대연캠퍼스체육관,전남 : 경남
228,유도_여자대학부_개인전70kg이하급_예선경기1,유도,여자대학부,개인전70kg이하급,예선경기1,미종료,2025/10/17,부경대학교 대연캠퍼스체육관,전남 : 인천
229,유도_여자일반부_개인전48kg이하급_준준결승경기1,유도,여자일반부,개인전48kg이하급,준준결승경기1,미종료,2025/10/18,부경대학교 대연캠퍼스체육관,: 전남
230,유도_여자일반부_개인전52kg이하급_준준결승경기2,유도,여자일반부,개인전52kg이하급,준준결승경기2,미종료,2025/10/18,부경대학교 대연캠퍼스체육관,: 전남
231,유도_여자일반부_개인전57kg이하급_예선경기5,유도,여자일반부,개인전57kg이하급,예선경기5,미종료,2025/10/18,부경대학교 대연캠퍼스체육관,전남 : 경북
232,유도_여자일반부_개인전63kg이하급_준준결승경기4,유도,여자일반부,개인전63kg이하급,준준결승경기4,미종료,2025/10/18,부경대학교 대연캠퍼스체육관,: 전남
233,유도_여자일반부_개인전70kg이하급_예선경기1,유도,여자일반부,개인전70kg이하급,예선경기1,미종료,2025/10/18,부경대학교 대연캠퍼스체육관,전남 : 인천
234,유도_여자일반부_개인전78kg이하급_예선경기1,유도,여자일반부,개인전78kg이하급,예선경기1,미종료,2025/10/18,부경대학교 대연캠퍼스체육관,전북 : 전남
235,유도_여자일반부_개인전78kg이상급_예선경기1,유도,여자일반부,개인전78kg이상급,예선경기1,미종료,2025/10/18,부경대학교 대연캠퍼스체육관,제주 : 전남
236,유도_18세이하부_단체전_예선경기6,유도,18세이하부,단체전,예선경기6,미종료,2025/10/22,부경대학교 대연캠퍼스체육관,강원 : 전남
237,유도_일반부_단체전_예선경기3,유도,일반부,단체전,예선경기3,미종료,2025/10/19,부경대학교 대연캠퍼스체육관,전남 : 울산
238,족구_남자일반부_단체전_예선경기7,족구,남자일반부,단체전,예선경기7,미종료,2025/10/18 10:00 ~ 10:50,양산종합운동장 실내체육관,전남 : 대전
239,족구_여자일반부_단체전_예선경기7,족구,여자일반부,단체전,예선경기7,미종료,2025/10/18 10:00 ~ 10:50,동원과학기술대학교 종합체육관,전남 : 인천
240,주짓수_남자일반부_-62kg_예선경기4,주짓수,남자일반부,-62kg,예선경기4,미종료,2025/10/17 10:58 ~ 11:03,동명대학교 실내체육관,전남 : 대전
241,주짓수_남자일반부_-69kg_예선경기3,주짓수,남자일반부,-69kg,예선경기3,미종료,2025/10/18 11:33 ~ 11:38,동명대학교 실내체육관,대구 : 전남
242,주짓수_남자일반부_-77kg_준준결승경기3,주짓수,남자일반부,-77kg,준준결승경기3,미종료,2025/10/17 14:31 ~ 14:36,동명대학교 실내체육관,전남 :
243,주짓수_남자일반부_-85kg_예선경기4,주짓수,남자일반부,-85kg,예선경기4,미종료,2025/10/19 10:58 ~ 11:03,동명대학교 실내체육관,세종 : 전남
244,주짓수_여자일반부_-48kg_예선경기4,주짓수,여자일반부,-48kg,예선경기4,미종료,2025/10/17 11:05 ~ 11:10,동명대학교 실내체육관,전남 : 전북
245,주짓수_여자일반부_-52kg_예선경기3,주짓수,여자일반부,-52kg,예선경기3,미종료,2025/10/18 11:12 ~ 11:17,동명대학교 실내체육관,전남 : 서울
246,주짓수_여자일반부_-57kg_예선경기4,주짓수,여자일반부,-57kg,예선경기4,미종료,2025/10/19 11:33 ~ 11:38,동명대학교 실내체육관,인천 : 전남
247,주짓수_여자일반부_-63kg_예선경기2,주짓수,여자일반부,-63kg,예선경기2,미종료,2025/10/18 10:30 ~ 10:35,동명대학교 실내체육관,충북 : 전남
248,축구_남자18세이하부_단체전_예선경기2,축구,남자18세이하부,단체전,예선경기2,미종료,2025/10/17 16:00 ~ 18:00,기장월드컵빌리지(인조B),강원 : 전남
249,축구_남자대학부_단체전_예선경기3,축구,남자대학부,단체전,예선경기3,미종료,2025/10/17 12:00 ~ 14:00,백운포체육공원축구장 제2구장,전남 : 제주
250,축구_남자일반부_단체전_예선경기3,축구,남자일반부,단체전,예선경기3,미종료,2025/10/16 12:00 ~ 14:00,기장월드컵빌리지(천연B),전남 : 충남
251,축구_여자18세이하부_단체전_예선경기4,축구,여자18세이하부,단체전,예선경기4,미종료,2025/10/16 09:00 ~ 11:00,화명생태공원 축구장D,경북 : 전남
252,탁구_남자18세이하부_단체전_준준결승경기3,탁구,남자18세이하부,단체전,준준결승경기3,미종료,2025/10/20 16:30 ~ 19:30,기장체육관,전남 :
253,탁구_남자18세이하부_개인전_예선경기4,탁구,남자18세이하부,개인전,예선경기4,미종료,2025/10/18 10:00 ~ 10:30,기장체육관,전남 : 경기
254,탁구_남자대학부_단체전_예선경기4,탁구,남자대학부,단체전,예선경기4,미종료,2025/10/19 10:30 ~ 13:00,기장체육관,전남 : 광주
255,탁구_남자대학부_개인전_예선경기4,탁구,남자대학부,개인전,예선경기4,미종료,2025/10/18 09:30 ~ 10:00,기장체육관,전남 : 광주
256,탁구_여자18세이하부_단체전_준준결승경기1,탁구,여자18세이하부,단체전,준준결승경기1,미종료,2025/10/20 16:30 ~ 19:30,기장체육관,: 전남
257,탁구_여자18세이하부_개인전_준준결승경기1,탁구,여자18세이하부,개인전,준준결승경기1,미종료,2025/10/18 11:00 ~ 11:30,기장체육관,: 전남
258,탁구_여자대학부_단체전_예선경기3,탁구,여자대학부,단체전,예선경기3,미종료,2025/10/19 13:00 ~ 15:30,기장체육관,충북 : 전남
259,탁구_여자대학부_개인전_예선경기4,탁구,여자대학부,개인전,예선경기4,미종료,2025/10/18 10:30 ~ 11:00,기장체육관,경기 : 전남
260,탁구_18세이하부_혼합복식_준준결승경기2,탁구,18세이하부,혼합복식,준준결승경기2,미종료,2025/10/18 15:00 ~ 15:30,기장체육관,대구 : 전남
261,탁구_대학부_혼합복식_예선경기1,탁구,대학부,혼합복식,예선경기1,미종료,2025/10/18 14:30 ~ 15:00,기장체육관,전북 : 전남
262,태권도_남자18세이하부_-54kg급_예선경기3,태권도,남자18세이하부,-54kg급,예선경기3,미종료,2025/10/17 09:00 ~ 18:00,강서체육공원 실내체육관,전남 : 제주
263,태권도_남자18세이하부_-58kg급_예선경기1,태권도,남자18세이하부,-58kg급,예선경기1,미종료,2025/10/16 09:00 ~ 18:00,강서체육공원 실내체육관,제주 : 전남
264,태권도_남자18세이하부_-63kg급_예선경기7,태권도,남자18세이하부,-63kg급,예선경기7,미종료,2025/10/17 09:00 ~ 18:00,강서체육공원 실내체육관,전남 : 충남
265,태권도_남자18세이하부_-68kg급_예선경기8,태권도,남자18세이하부,-68kg급,예선경기8,미종료,2025/10/17 09:00 ~ 18:00,강서체육공원 실내체육관,부산 : 전남
266,태권도_남자18세이하부_-74kg급_예선경기2,태권도,남자18세이하부,-74kg급,예선경기2,미종료,2025/10/18 09:00 ~ 18:00,강서체육공원 실내체육관,전남 : 전북
267,태권도_남자18세이하부_-80kg급_예선경기3,태권도,남자18세이하부,-80kg급,예선경기3,미종료,2025/10/16 09:00 ~ 18:00,강서체육공원 실내체육관,전북 : 전남
268,태권도_남자18세이하부_-87kg급_예선경기5,태권도,남자18세이하부,-87kg급,예선경기5,미종료,2025/10/18 09:00 ~ 18:00,강서체육공원 실내체육관,충남 : 전남
269,태권도_남자18세이하부_+87kg급_예선경기2,태권도,남자18세이하부,+87kg급,예선경기2,미종료,2025/10/16 09:00 ~ 18:00,강서체육공원 실내체육관,전남 : 충남
270,태권도_남자18세이하부_공인품새_예선경기4,태권도,남자18세이하부,공인품새,예선경기4,미종료,2025/10/19 09:00 ~ 18:00,강서체육공원 실내체육관,전남 : 경기
271,태권도_남자대학부_-54kg급_예선경기5,태권도,남자대학부,-54kg급,예선경기5,미종료,2025/10/14 09:00 ~ 18:00,강서체육공원 실내체육관,전남 : 대구
272,태권도_남자대학부_-58kg급_예선경기3,태권도,남자대학부,-58kg급,예선경기3,미종료,2025/10/17 09:00 ~ 18:00,강서체육공원 실내체육관,충남 : 전남
273,태권도_남자대학부_-63kg급_예선경기5,태권도,남자대학부,-63kg급,예선경기5,미종료,2025/10/14 09:00 ~ 18:00,강서체육공원 실내체육관,전남 : 충북
274,태권도_남자대학부_-68kg급_예선경기7,태권도,남자대학부,-68kg급,예선경기7,미종료,2025/10/15 09:00 ~ 18:00,강서체육공원 실내체육관,강원 : 전남
275,태권도_남자대학부_-74kg급_예선경기3,태권도,남자대학부,-74kg급,예선경기3,미종료,2025/10/16 09:00 ~ 18:00,강서체육공원 실내체육관,전남 : 울산
276,태권도_남자대학부_-80kg급_예선경기2,태권도,남자대학부,-80kg급,예선경기2,미종료,2025/10/17 09:00 ~ 18:00,강서체육공원 실내체육관,전남 : 경북
277,태권도_남자대학부_-87kg급_예선경기7,태권도,남자대학부,-87kg급,예선경기7,미종료,2025/10/14 09:00 ~ 18:00,강서체육공원 실내체육관,전남 : 울산
278,태권도_남자대학부_+87kg급_예선경기6,태권도,남자대학부,+87kg급,예선경기6,미종료,2025/10/17 09:00 ~ 18:00,강서체육공원 실내체육관,전남 : 대구
279,태권도_남자일반부_-54kg급_준결승경기1,태권도,남자일반부,-54kg급,준결승경기1,미종료,2025/10/14 09:00 ~ 18:00,강서체육공원 실내체육관,전남 :
280,태권도_남자일반부_-58kg급_예선경기3,태권도,남자일반부,-58kg급,예선경기3,미종료,2025/10/15 09:00 ~ 18:00,강서체육공원 실내체육관,전남 : 인천
281,태권도_남자일반부_-63kg급_예선경기6,태권도,남자일반부,-63kg급,예선경기6,미종료,2025/10/14 09:00 ~ 18:00,강서체육공원 실내체육관,전남 : 경북
282,태권도_남자일반부_-68kg급_예선경기4,태권도,남자일반부,-68kg급,예선경기4,미종료,2025/10/15 09:00 ~ 18:00,강서체육공원 실내체육관,세종 : 전남
283,태권도_남자일반부_-74kg급_준준결승경기3,태권도,남자일반부,-74kg급,준준결승경기3,미종료,2025/10/15 09:00 ~ 18:00,강서체육공원 실내체육관,전남 :
284,태권도_남자일반부_-80kg급_예선경기4,태권도,남자일반부,-80kg급,예선경기4,미종료,2025/10/15 09:00 ~ 18:00,강서체육공원 실내체육관,제주 : 전남
285,태권도_남자일반부_-87kg급_예선경기1,태권도,남자일반부,-87kg급,예선경기1,미종료,2025/10/14 09:00 ~ 18:00,강서체육공원 실내체육관,대구 : 전남
286,태권도_남자일반부_+87kg급_예선경기1,태권도,남자일반부,+87kg급,예선경기1,미종료,2025/10/16 09:00 ~ 18:00,강서체육공원 실내체육관,전남 : 경기
287,태권도_여자18세이하부_-46kg급_예선경기5,태권도,여자18세이하부,-46kg급,예선경기5,미종료,2025/10/17 09:00 ~ 18:00,강서체육공원 실내체육관,울산 : 전남
288,태권도_여자18세이하부_-49kg급_예선경기3,태권도,여자18세이하부,-49kg급,예선경기3,미종료,2025/10/17 09:00 ~ 18:00,강서체육공원 실내체육관,울산 : 전남
289,태권도_여자18세이하부_-53kg급_예선경기1,태권도,여자18세이하부,-53kg급,예선경기1,미종료,2025/10/17 09:00 ~ 18:00,강서체육공원 실내체육관,전남 : 제주
290,태권도_여자18세이하부_-57kg급_예선경기3,태권도,여자18세이하부,-57kg급,예선경기3,미종료,2025/10/17 09:00 ~ 18:00,강서체육공원 실내체육관,강원 : 전남
291,태권도_여자18세이하부_-62kg급_예선경기7,태권도,여자18세이하부,-62kg급,예선경기7,미종료,2025/10/17 09:00 ~ 18:00,강서체육공원 실내체육관,광주 : 전남
292,태권도_여자18세이하부_-67kg급_예선경기1,태권도,여자18세이하부,-67kg급,예선경기1,미종료,2025/10/18 09:00 ~ 18:00,강서체육공원 실내체육관,경북 : 전남
293,태권도_여자18세이하부_-73kg급_예선경기7,태권도,여자18세이하부,-73kg급,예선경기7,미종료,2025/10/18 09:00 ~ 18:00,강서체육공원 실내체육관,전남 : 강원
294,태권도_여자18세이하부_+73kg급_예선경기3,태권도,여자18세이하부,+73kg급,예선경기3,미종료,2025/10/16 09:00 ~ 18:00,강서체육공원 실내체육관,전남 : 울산
295,태권도_여자18세이하부_공인품새_예선경기1,태권도,여자18세이하부,공인품새,예선경기1,미종료,2025/10/19 09:00 ~ 18:00,강서체육공원 실내체육관,전남 : 울산
296,태권도_여자대학부_-49kg급_예선경기4,태권도,여자대학부,-49kg급,예선경기4,미종료,2025/10/15 09:00 ~ 18:00,강서체육공원 실내체육관,대구 : 전남
297,태권도_여자대학부_-53kg급_예선경기7,태권도,여자대학부,-53kg급,예선경기7,미종료,2025/10/14 09:00 ~ 18:00,강서체육공원 실내체육관,전남 : 경남
298,태권도_여자대학부_-57kg급_예선경기6,태권도,여자대학부,-57kg급,예선경기6,미종료,2025/10/15 09:00 ~ 18:00,강서체육공원 실내체육관,경남 : 전남
299,태권도_여자대학부_-73kg급_예선경기2,태권도,여자대학부,-73kg급,예선경기2,미종료,2025/10/14 09:00 ~ 18:00,강서체육공원 실내체육관,울산 : 전남
300,태권도_여자대학부_+73kg급_예선경기3,태권도,여자대학부,+73kg급,예선경기3,미종료,2025/10/16 09:00 ~ 18:00,강서체육공원 실내체육관,경북 : 전남
301,태권도_여자일반부_-46kg급_준준결승경기1,태권도,여자일반부,-46kg급,준준결승경기1,미종료,2025/10/14 09:00 ~ 18:00,강서체육공원 실내체육관,부산 : 전남
302,태권도_여자일반부_-57kg급_예선경기7,태권도,여자일반부,-57kg급,예선경기7,미종료,2025/10/15 09:00 ~ 18:00,강서체육공원 실내체육관,전남 : 대전
303,태권도_여자일반부_-62kg급_예선경기5,태권도,여자일반부,-62kg급,예선경기5,미종료,2025/10/15 09:00 ~ 18:00,강서체육공원 실내체육관,전남 : 울산
304,태권도_여자일반부_-67kg급_준준결승경기2,태권도,여자일반부,-67kg급,준준결승경기2,미종료,2025/10/15 09:00 ~ 18:00,강서체육공원 실내체육관,: 전남
305,태권도_여자일반부_-73kg급_예선경기3,태권도,여자일반부,-73kg급,예선경기3,미종료,2025/10/14 09:00 ~ 18:00,강서체육공원 실내체육관,전남 : 충남
306,택견_남자18세이하부_-67kg_준준결승경기3,택견,남자18세이하부,-67kg,준준결승경기3,미종료,2025/10/18 09:00 ~ 18:00,부산보건대학교 체육관,전남 :
307,택견_남자18세이하부_+67kg_준준결승경기1,택견,남자18세이하부,+67kg,준준결승경기1,미종료,2025/10/18 09:00 ~ 18:00,부산보건대학교 체육관,경북 : 전남
308,택견_남자일반부_-63kg_예선경기1,택견,남자일반부,-63kg,예선경기1,미종료,2025/10/18 09:00 ~ 18:00,부산보건대학교 체육관,충북 : 전남
309,택견_남자일반부_-73kg_예선경기4,택견,남자일반부,-73kg,예선경기4,미종료,2025/10/18 09:00 ~ 18:00,부산보건대학교 체육관,전남 : 울산
310,택견_남자일반부_-83kg_예선경기4,택견,남자일반부,-83kg,예선경기4,미종료,2025/10/18 09:00 ~ 18:00,부산보건대학교 체육관,전남 : 세종
311,택견_남자일반부_+83kg_준준결승경기3,택견,남자일반부,+83kg,준준결승경기3,미종료,2025/10/18 09:00 ~ 18:00,부산보건대학교 체육관,전남 :
312,택견_여자일반부_-57kg_예선경기5,택견,여자일반부,-57kg,예선경기5,미종료,2025/10/18 09:00 ~ 18:00,부산보건대학교 체육관,충북 : 전남
313,택견_여자일반부_+57kg_예선경기4,택견,여자일반부,+57kg,예선경기4,미종료,2025/10/18 09:00 ~ 18:00,부산보건대학교 체육관,전남 : 세종
314,테니스_남자일반부_단체전_예선경기1,테니스,남자일반부,단체전,예선경기1,미종료,2025/10/18 09:00 ~ 18:00,스포원파크 테니스경기장,전남 : 충남
315,테니스_남자일반부_개인전단식_준준결승경기4,테니스,남자일반부,개인전단식,준준결승경기4,미종료,2025/10/19 13:00 ~ 18:00,스포원파크 테니스경기장,전남 :
316,테니스_여자18세이하부_개인전단식_준준결승경기3,테니스,여자18세이하부,개인전단식,준준결승경기3,미종료,2025/10/19 13:00 ~ 18:00,화명생태공원 테니스장,: 전남
317,테니스_여자일반부_단체전_준준결승경기3,테니스,여자일반부,단체전,준준결승경기3,미종료,2025/10/20 09:00 ~ 18:00,스포원파크 테니스경기장,전남 :
318,테니스_여자일반부_개인전단식_예선경기3,테니스,여자일반부,개인전단식,예선경기3,미종료,2025/10/17 13:00 ~ 18:00,스포원파크 테니스경기장,경남 : 전남
319,펜싱_남자18세이하부_플러레-단체_예선경기5,펜싱,남자18세이하부,플러레-단체,예선경기5,종료,2025/09/28 16:40,스포원파크 금정실내체육관,강원<전남
320,펜싱_남자18세이하부_플러레-단체_준준결승경기3,펜싱,남자18세이하부,플러레-단체,준준결승경기3,종료,2025/09/29 16:40,스포원파크 금정실내체육관,전남<울산
321,펜싱_남자18세이하부_에뻬-단체_예선경기2,펜싱,남자18세이하부,에뻬-단체,예선경기2,종료,2025/09/28 09:00,스포원파크 금정실내체육관,강원>전남
322,펜싱_남자18세이하부_플러레-개인_예선경기7,펜싱,남자18세이하부,플러레-개인,예선경기7,종료,2025/09/26 11:30,스포원파크 금정실내체육관,광주>전남
323,펜싱_남자18세이하부_에뻬-개인_예선경기6,펜싱,남자18세이하부,에뻬-개인,예선경기6,종료,2025/09/26 09:30,스포원파크 금정실내체육관,대구<전남
324,펜싱_남자18세이하부_에뻬-개인_준준결승경기3,펜싱,남자18세이하부,에뻬-개인,준준결승경기3,종료,2025/09/26 13:30,스포원파크 금정실내체육관,경남>전남
325,펜싱_남자일반부_플러레-단체_예선경기3,펜싱,남자일반부,플러레-단체,예선경기3,종료,2025/09/27 09:00,스포원파크 금정실내체육관,인천>전남
326,펜싱_남자일반부_에뻬-단체_예선경기4,펜싱,남자일반부,에뻬-단체,예선경기4,종료,2025/09/27 15:20,스포원파크 금정실내체육관,충남<전남
327,펜싱_남자일반부_에뻬-단체_준준결승경기1,펜싱,남자일반부,에뻬-단체,준준결승경기1,종료,2025/09/29 11:40,스포원파크 금정실내체육관,전남<전북
328,펜싱_남자일반부_사브르-단체_예선경기3,펜싱,남자일반부,사브르-단체,예선경기3,종료,2025/09/27 11:40,스포원파크 금정실내체육관,전남>충남
329,펜싱_남자일반부_사브르-단체_준준결승경기2,펜싱,남자일반부,사브르-단체,준준결승경기2,종료,2025/09/29 10:20,스포원파크 금정실내체육관,광주>전남
330,펜싱_남자일반부_플러레-개인_예선경기4,펜싱,남자일반부,플러레-개인,예선경기4,종료,2025/09/25 09:00,스포원파크 금정실내체육관,서울>전남
331,펜싱_남자일반부_에뻬-개인_예선경기6,펜싱,남자일반부,에뻬-개인,예선경기6,종료,2025/09/25 11:30,스포원파크 금정실내체육관,경기>전남
332,펜싱_남자일반부_사브르-개인_예선경기4,펜싱,남자일반부,사브르-개인,예선경기4,종료,2025/09/25 10:00,스포원파크 금정실내체육관,경북>전남
333,펜싱_여자18세이하부_플러레-단체_예선경기2,펜싱,여자18세이하부,플러레-단체,예선경기2,종료,2025/09/28 09:00,스포원파크 금정실내체육관,전남>전북
334,펜싱_여자18세이하부_플러레-단체_준준결승경기1,펜싱,여자18세이하부,플러레-단체,준준결승경기1,종료,2025/09/29 14:00,스포원파크 금정실내체육관,강원<전남
335,펜싱_여자18세이하부_플러레-단체_준결승경기1,펜싱,여자18세이하부,플러레-단체,준결승경기1,종료,2025/09/30 09:00,스포원파크 금정실내체육관,서울>전남
336,펜싱_여자18세이하부_에뻬-단체_예선경기3,펜싱,여자18세이하부,에뻬-단체,예선경기3,종료,2025/09/28 11:40,스포원파크 금정실내체육관,전남>경남
337,펜싱_여자18세이하부_에뻬-단체_준준결승경기2,펜싱,여자18세이하부,에뻬-단체,준준결승경기2,종료,2025/09/29 15:20,스포원파크 금정실내체육관,충북<전남
338,펜싱_여자18세이하부_에뻬-단체_준결승경기2,펜싱,여자18세이하부,에뻬-단체,준결승경기2,종료,2025/09/30 10:20,스포원파크 금정실내체육관,경기>전남
339,펜싱_여자18세이하부_사브르-단체_예선경기3,펜싱,여자18세이하부,사브르-단체,예선경기3,종료,2025/09/28 15:20,스포원파크 금정실내체육관,울산<전남
340,펜싱_여자18세이하부_사브르-단체_준준결승경기2,펜싱,여자18세이하부,사브르-단체,준준결승경기2,종료,2025/09/29 16:40,스포원파크 금정실내체육관,전남>광주
341,펜싱_여자18세이하부_사브르-단체_준결승경기2,펜싱,여자18세이하부,사브르-단체,준결승경기2,종료,2025/09/30 11:40,스포원파크 금정실내체육관,서울>전남
342,펜싱_여자18세이하부_플러레-개인_예선경기2,펜싱,여자18세이하부,플러레-개인,예선경기2,종료,2025/09/26 09:00,스포원파크 금정실내체육관,경기<전남
343,펜싱_여자18세이하부_플러레-개인_준준결승경기1,펜싱,여자18세이하부,플러레-개인,준준결승경기1,종료,2025/09/26 13:30,스포원파크 금정실내체육관,전북>전남
344,펜싱_여자18세이하부_에뻬-개인_예선경기6,펜싱,여자18세이하부,에뻬-개인,예선경기6,종료,2025/09/26 10:30,스포원파크 금정실내체육관,충북>전남
345,펜싱_여자18세이하부_사브르-개인_예선경기1,펜싱,여자18세이하부,사브르-개인,예선경기1,종료,2025/09/26 11:00,스포원파크 금정실내체육관,대전>전남
346,펜싱_여자일반부_플러레-단체_예선경기4,펜싱,여자일반부,플러레-단체,예선경기4,종료,2025/09/27 14:00,스포원파크 금정실내체육관,충북>전남
347,펜싱_여자일반부_에뻬-단체_예선경기1,펜싱,여자일반부,에뻬-단체,예선경기1,종료,2025/09/27 09:00,스포원파크 금정실내체육관,대전<전남
348,펜싱_여자일반부_에뻬-단체_준준결승경기1,펜싱,여자일반부,에뻬-단체,준준결승경기1,종료,2025/09/29 09:00,스포원파크 금정실내체육관,전남>서울
349,펜싱_여자일반부_에뻬-단체_준결승경기1,펜싱,여자일반부,에뻬-단체,준결승경기1,종료,2025/09/30 09:00,스포원파크 금정실내체육관,광주>전남
350,펜싱_여자일반부_사브르-단체_예선경기4,펜싱,여자일반부,사브르-단체,예선경기4,종료,2025/09/27 15:20,스포원파크 금정실내체육관,대전>전남
351,펜싱_여자일반부_플러레-개인_예선경기6,펜싱,여자일반부,플러레-개인,예선경기6,종료,2025/09/25 10:30,스포원파크 금정실내체육관,인천>전남
352,펜싱_여자일반부_에뻬-개인_예선경기3,펜싱,여자일반부,에뻬-개인,예선경기3,종료,2025/09/25 09:00,스포원파크 금정실내체육관,대전<전남
353,펜싱_여자일반부_에뻬-개인_준준결승경기2,펜싱,여자일반부,에뻬-개인,준준결승경기2,종료,2025/09/25 13:30,스포원파크 금정실내체육관,충북<전남
354,펜싱_여자일반부_에뻬-개인_준결승경기2,펜싱,여자일반부,에뻬-개인,준결승경기2,종료,2025/09/25 15:00,스포원파크 금정실내체육관,부산<전남
355,펜싱_여자일반부_에뻬-개인_결승,펜싱,여자일반부,에뻬-개인,결승,종료,2025/09/25 16:30,스포원파크 금정실내체육관,전남>광주
356,펜싱_여자일반부_사브르-개인_예선경기5,펜싱,여자일반부,사브르-개인,예선경기5,종료,2025/09/25 11:30,스포원파크 금정실내체육관,대구<전남
357,펜싱_여자일반부_사브르-개인_준준결승경기3,펜싱,여자일반부,사브르-개인,준준결승경기3,종료,2025/09/25 14:30,스포원파크 금정실내체육관,전남<서울
358,하키_남자18세이하부_단체전_예선경기2,하키,남자18세이하부,단체전,예선경기2,미종료,2025/10/16 11:00 ~ 12:20,강서하키경기장,전남 : 인천
359,하키_남자일반부_단체전_준준결승경기3,하키,남자일반부,단체전,준준결승경기3,미종료,2025/10/19 19:00 ~ 20:20,강서하키경기장,: 전남
360,하키_여자18세이하부_단체전_예선경기1,하키,여자18세이하부,단체전,예선경기1,미종료,2025/10/14 09:00 ~ 10:20,강서하키경기장,전남 : 광주
361,하키_여자일반부_단체전_준준결승경기2,하키,여자일반부,단체전,준준결승경기2,미종료,2025/10/20 13:00 ~ 14:20,강서하키경기장,전남 : 대구
362,합기도_남자18세이하부_밴텀급_예선경기2,합기도,남자18세이하부,밴텀급,예선경기2,미종료,2025/10/17 10:00 ~ 10:05,부산교육대학교 제1체육관,세종 : 전남
363,합기도_남자18세이하부_페더급_예선경기6,합기도,남자18세이하부,페더급,예선경기6,미종료,2025/10/17 10:05 ~ 10:10,부산교육대학교 제1체육관,인천 : 전남
364,합기도_남자18세이하부_라이트급_예선경기5,합기도,남자18세이하부,라이트급,예선경기5,미종료,2025/10/17 10:15 ~ 10:20,부산교육대학교 제1체육관,울산 : 전남
365,합기도_남자18세이하부_웰터급_예선경기6,합기도,남자18세이하부,웰터급,예선경기6,미종료,2025/10/17 10:20 ~ 10:25,부산교육대학교 제1체육관,충북 : 전남
366,합기도_남자18세이하부_1종목_예선경기2,합기도,남자18세이하부,1종목,예선경기2,미종료,2025/10/17 09:00 ~ 09:05,부산교육대학교 제1체육관,전남 : 경북
367,합기도_남자18세이하부_2종목_예선경기7,합기도,남자18세이하부,2종목,예선경기7,미종료,2025/10/17 09:05 ~ 09:10,부산교육대학교 제1체육관,경기 : 전남
368,합기도_남자일반부_라이트급_준준결승경기2,합기도,남자일반부,라이트급,준준결승경기2,미종료,2025/10/18 09:40 ~ 09:45,부산교육대학교 제1체육관,: 전남
369,합기도_남자일반부_미들급_예선경기5,합기도,남자일반부,미들급,예선경기5,미종료,2025/10/17 10:50 ~ 10:55,부산교육대학교 제1체육관,전남 : 서울
370,합기도_남자일반부_1종목_예선경기5,합기도,남자일반부,1종목,예선경기5,미종료,2025/10/17 09:10 ~ 09:15,부산교육대학교 제1체육관,전북 : 전남
371,합기도_남자일반부_2종목_예선경기4,합기도,남자일반부,2종목,예선경기4,미종료,2025/10/17 09:15 ~ 09:20,부산교육대학교 제1체육관,전남 : 충북
372,합기도_여자18세이하부_밴텀급_예선경기6,합기도,여자18세이하부,밴텀급,예선경기6,미종료,2025/10/17 10:55 ~ 11:00,부산교육대학교 제1체육관,인천 : 전남
373,합기도_여자18세이하부_미들급_예선경기5,합기도,여자18세이하부,미들급,예선경기5,미종료,2025/10/17 11:10 ~ 11:15,부산교육대학교 제1체육관,전남 : 대전
374,합기도_여자18세이하부_2종목_예선경기1,합기도,여자18세이하부,2종목,예선경기1,미종료,2025/10/18 09:25 ~ 09:30,부산교육대학교 제1체육관,전남 : 광주
375,합기도_여자일반부_2종목_예선경기4,합기도,여자일반부,2종목,예선경기4,미종료,2025/10/17 09:35 ~ 09:40,부산교육대학교 제1체육관,전남 : 대전
376,핸드볼_남자18세이하부_단체전_예선경기3,핸드볼,남자18세이하부,단체전,예선경기3,미종료,2025/10/17 16:40 ~ 18:00,스포원파크 금정실내체육관,충북 : 전남
377,핸드볼_여자18세이하부_단체전_예선경기3,핸드볼,여자18세이하부,단체전,예선경기3,미종료,2025/10/17 15:20 ~ 16:40,스포원파크 금정실내체육관,경남 : 전남
